id,first_name,last_name,email,gender
1,Keenan,O'Doohaine,kodoohaine0@live.com,Male
2,Stanwood,Delete,sdelete1@youtube.com,Male
3,Wilie,Colerick,wcolerick2@oakley.com,Female
4,Sammie,Piotr,spiotr3@cmu.edu,Male
5,Anselm,Bouts,abouts4@whitehouse.gov,Male
6,Krystyna,Douty,kdouty5@facebook.com,Female
7,Seymour,Jedrys,sjedrys6@oracle.com,Male
8,Domini,Hayles,dhayles7@engadget.com,Female
9,Arabel,Pavlenkov,apavlenkov8@cmu.edu,Female
10,Phillida,Ianno,pianno9@house.gov,Female
11,Virgie,Kach,vkacha@archive.org,Female
12,Hadrian,Roomes,hroomesb@homestead.com,Male
13,Ewell,Varren,evarrenc@de.vu,Male
14,Taffy,Benardette,tbenardetted@europa.eu,Female
15,Archibold,Gethyn,agethyne@ycombinator.com,Male
16,Gwen,Bortolazzi,gbortolazzif@earthlink.net,Female
17,Rosalinda,Archambault,rarchambaultg@people.com.cn,Female
18,Koralle,Fincken,kfinckenh@nih.gov,Female
19,Cameron,Duferie,cduferiei@mashable.com,Male
20,Richmond,Shenton,rshentonj@shutterfly.com,Male
21,Anissa,Tamlett,atamlettk@house.gov,Female
22,Gar,Momford,gmomfordl@shareasale.com,Male
23,Ryon,Willowby,rwillowbym@seesaa.net,Male
24,Danny,Flann,dflannn@godaddy.com,Male
25,Basilio,Buddles,bbuddleso@indiatimes.com,Male
26,Vivi,Jewar,vjewarp@virginia.edu,Female
27,Sherwynd,Beves,sbevesq@webs.com,Male
28,Verney,Tumber,vtumberr@rambler.ru,Male
29,Brandea,Collopy,bcollopys@nps.gov,Female
30,Sheffy,Pykett,spykettt@wired.com,Male
31,Tommy,Realff,trealffu@digg.com,Female
32,Arluene,Tipple,atipplev@cdc.gov,Female
33,Weston,O'Neill,woneillw@altervista.org,Male
34,Eleanora,Tomala,etomalax@cocolog-nifty.com,Female
35,Coreen,Emmens,cemmensy@adobe.com,Female
36,Guntar,Schwaiger,gschwaigerz@over-blog.com,Male
37,Emilee,Calverd,ecalverd10@gravatar.com,Female
38,Franni,Duffyn,fduffyn11@netscape.com,Female
39,Denis,Burkitt,dburkitt12@tumblr.com,Male
40,Wilt,Manley,wmanley13@fda.gov,Male
41,Maude,Errowe,merrowe14@hubpages.com,Female
42,Kissee,Brunone,kbrunone15@tuttocitta.it,Female
43,Wakefield,Odger,wodger16@joomla.org,Male
44,Casper,Dobkin,cdobkin17@bandcamp.com,Male
45,Sven,MacGillicuddy,smacgillicuddy18@who.int,Male
46,Kristopher,Brayshaw,kbrayshaw19@jigsy.com,Male
47,Babette,Fontenot,bfontenot1a@barnesandnoble.com,Female
48,Dana,Arnison,darnison1b@alexa.com,Male
49,Daisie,Rozanski,drozanski1c@bloglines.com,Female
50,Cherlyn,McKue,cmckue1d@google.pl,Female
51,Bondy,Maile,bmaile1e@cisco.com,Male
52,Roxanna,Whitaker,rwhitaker1f@trellian.com,Female
53,Tommie,Fulun,tfulun1g@prnewswire.com,Female
54,Maje,Taggerty,mtaggerty1h@drupal.org,Male
55,Kippie,Lewens,klewens1i@prlog.org,Female
56,Allyn,Heffy,aheffy1j@instagram.com,Female
57,Claretta,Huburn,chuburn1k@ft.com,Female
58,Claiborn,Mariaud,cmariaud1l@thetimes.co.uk,Male
59,Renato,Clemon,rclemon1m@youku.com,Male
60,Brady,Beeston,bbeeston1n@yelp.com,Male
61,Godfrey,Hardware,ghardware1o@unc.edu,Male
62,Georgina,Trouel,gtrouel1p@aol.com,Female
63,Alexio,Brittles,abrittles1q@webnode.com,Male
64,Michele,Gianetti,mgianetti1r@sphinn.com,Male
65,Mischa,Nutty,mnutty1s@ning.com,Male
66,Otha,Shimony,oshimony1t@hc360.com,Female
67,Arthur,Verden,averden1u@pinterest.com,Male
68,Maryellen,Kirtland,mkirtland1v@google.fr,Female
69,Courtenay,Bockmaster,cbockmaster1w@woothemes.com,Female
70,Filmer,MacCawley,fmaccawley1x@cnbc.com,Male
71,Caryl,Mallindine,cmallindine1y@cmu.edu,Female
72,Scarface,Ashtonhurst,sashtonhurst1z@illinois.edu,Male
73,Gwendolyn,Greve,ggreve20@quantcast.com,Female
74,Holly,Ricciardello,hricciardello21@github.io,Female
75,Franchot,Soffe,fsoffe22@umich.edu,Male
76,Zena,Rodenhurst,zrodenhurst23@auda.org.au,Female
77,Ami,Littlejohn,alittlejohn24@shop-pro.jp,Female
78,Tudor,Gomar,tgomar25@mashable.com,Male
79,Anica,Merrigan,amerrigan26@craigslist.org,Female
80,Adelheid,Grimstead,agrimstead27@infoseek.co.jp,Female
81,Sigismondo,Lyffe,slyffe28@typepad.com,Male
82,Norrie,Apted,napted29@etsy.com,Male
83,Walt,Crake,wcrake2a@clickbank.net,Male
84,Caressa,Burchell,cburchell2b@slideshare.net,Female
85,Paulina,Fullegar,pfullegar2c@xinhuanet.com,Female
86,Gerri,De Fries,gdefries2d@chron.com,Female
87,Arnie,Goldthorp,agoldthorp2e@pbs.org,Male
88,Kerstin,Sampey,ksampey2f@t-online.de,Female
89,Sheffield,Powis,spowis2g@youku.com,Male
90,Dion,Huxster,dhuxster2h@house.gov,Male
91,Lesley,Stansell,lstansell2i@nytimes.com,Female
92,Franz,Pidgeley,fpidgeley2j@house.gov,Male
93,Renard,Dethloff,rdethloff2k@ebay.com,Male
94,Kimberli,Larn,klarn2l@cpanel.net,Female
95,Gherardo,Tine,gtine2m@diigo.com,Male
96,Tommy,Tuck,ttuck2n@hugedomains.com,Male
97,Torrie,Giorio,tgiorio2o@house.gov,Female
98,Andreas,Poller,apoller2p@wikia.com,Male
99,Lavinie,Cardero,lcardero2q@buzzfeed.com,Female
100,Tonnie,Decker,tdecker2r@weebly.com,Male
101,Moshe,Sarjant,msarjant2s@loc.gov,Male
102,Angy,Yakobowitz,ayakobowitz2t@godaddy.com,Female
103,Kahlil,Nunn,knunn2u@latimes.com,Male
104,Bendix,Elijah,belijah2v@google.nl,Male
105,Ganny,Cosgrive,gcosgrive2w@scientificamerican.com,Male
106,Daphna,Codeman,dcodeman2x@yale.edu,Female
107,Carson,Shadfourth,cshadfourth2y@posterous.com,Male
108,Ola,Jeandet,ojeandet2z@cbsnews.com,Female
109,Marje,Berlin,mberlin30@hibu.com,Female
110,Louie,Gregh,lgregh31@tamu.edu,Male
111,Andriette,Munkley,amunkley32@elegantthemes.com,Female
112,Carmina,Grissett,cgrissett33@goo.gl,Female
113,Paolo,Piaggia,ppiaggia34@independent.co.uk,Male
114,Zebedee,Hovell,zhovell35@thetimes.co.uk,Male
115,Kristoforo,Emptage,kemptage36@google.com.au,Male
116,Adolf,Stanlake,astanlake37@qq.com,Male
117,Bevon,Roomes,broomes38@clickbank.net,Male
118,Zacharie,Helgass,zhelgass39@quantcast.com,Male
119,Ludwig,Parkey,lparkey3a@mayoclinic.com,Male
120,Tore,Denyagin,tdenyagin3b@upenn.edu,Male
121,Lou,Marcroft,lmarcroft3c@economist.com,Male
122,Sally,Farington,sfarington3d@about.me,Female
123,Lynna,Hallmark,lhallmark3e@jugem.jp,Female
124,Audie,Vize,avize3f@tamu.edu,Female
125,Samaria,Rider,srider3g@istockphoto.com,Female
126,Nefen,Brenston,nbrenston3h@amazon.com,Male
127,Ingamar,Lindley,ilindley3i@parallels.com,Male
128,Egor,Denyagin,edenyagin3j@ca.gov,Male
129,Jill,Buckett,jbuckett3k@goodreads.com,Female
130,Camille,McGarahan,cmcgarahan3l@godaddy.com,Female
131,Marcel,Howsin,mhowsin3m@umich.edu,Male
132,Shea,Markus,smarkus3n@wisc.edu,Male
133,Kalvin,Sinderson,ksinderson3o@skyrock.com,Male
134,Sheffie,Wheadon,swheadon3p@phoca.cz,Male
135,Dre,Eccleston,deccleston3q@tmall.com,Female
136,Constantin,Iddon,ciddon3r@wix.com,Male
137,Donavon,Moring,dmoring3s@unc.edu,Male
138,Burlie,Racine,bracine3t@yellowbook.com,Male
139,Shirline,Smeaton,ssmeaton3u@seesaa.net,Female
140,Dion,Lenihan,dlenihan3v@google.pl,Female
141,Ikey,Christofle,ichristofle3w@csmonitor.com,Male
142,Stillman,Measures,smeasures3x@imageshack.us,Male
143,Spense,Degoey,sdegoey3y@vkontakte.ru,Male
144,Melany,Ostick,mostick3z@time.com,Female
145,Vernon,Cain,vcain40@zdnet.com,Male
146,Barbee,Michelmore,bmichelmore41@ftc.gov,Female
147,Jeanie,Reichhardt,jreichhardt42@ovh.net,Female
148,Timmie,Jezard,tjezard43@linkedin.com,Male
149,Maybelle,Wreford,mwreford44@wsj.com,Female
150,Armando,Levitt,alevitt45@infoseek.co.jp,Male
151,Miof mela,Male,mmale46@bluehost.com,Female
152,Emmett,Kiss,ekiss47@soundcloud.com,Male
153,Norbert,Dennert,ndennert48@zimbio.com,Male
154,Paxton,Norbury,pnorbury49@barnesandnoble.com,Male
155,Albert,Velasquez,avelasquez4a@mapy.cz,Male
156,Alys,Woloschinski,awoloschinski4b@seattletimes.com,Female
157,Hobard,Jeffries,hjeffries4c@marketwatch.com,Male
158,Tana,Severy,tsevery4d@dedecms.com,Female
159,Allin,Cuckoo,acuckoo4e@360.cn,Male
160,Stesha,Farrington,sfarrington4f@admin.ch,Female
161,Hollis,Chesley,hchesley4g@sourceforge.net,Male
162,Gerda,Pawsey,gpawsey4h@wsj.com,Female
163,Bennie,Loveless,bloveless4i@instagram.com,Male
164,Christiane,Jermyn,cjermyn4j@so-net.ne.jp,Female
165,Tait,Baseggio,tbaseggio4k@scribd.com,Male
166,Jordon,Maudlen,jmaudlen4l@discovery.com,Male
167,Del,Gaspar,dgaspar4m@ucsd.edu,Male
168,Brinna,McGall,bmcgall4n@redcross.org,Female
169,Sarette,Zettoi,szettoi4o@hao123.com,Female
170,Rose,Harmer,rharmer4p@illinois.edu,Female
171,Melody,Algar,malgar4q@diigo.com,Female
172,Rudiger,Ockland,rockland4r@comsenz.com,Male
173,Lisle,Decroix,ldecroix4s@symantec.com,Male
174,Iggie,Damp,idamp4t@ameblo.jp,Male
175,Mellie,Carr,mcarr4u@fastcompany.com,Female
176,Rudolf,Wiggam,rwiggam4v@sina.com.cn,Male
177,Kalil,Drayton,kdrayton4w@globo.com,Male
178,Rea,Koomar,rkoomar4x@webeden.co.uk,Female
179,Alyssa,Vogeler,avogeler4y@usgs.gov,Female
180,Maisie,Barsam,mbarsam4z@reverbnation.com,Female
181,Arny,Helleckas,ahelleckas50@trellian.com,Male
182,Garner,Tonner,gtonner51@upenn.edu,Male
183,Leena,Pevie,lpevie52@youtu.be,Female
184,Tobe,Diviney,tdiviney53@dailymotion.com,Male
185,Dietrich,Morsley,dmorsley54@netlog.com,Male
186,Tanny,Langan,tlangan55@usatoday.com,Male
187,Nappie,Heijne,nheijne56@ted.com,Male
188,Elie,Plumptre,eplumptre57@cdbaby.com,Female
189,Fraze,Blakeslee,fblakeslee58@pbs.org,Male
190,Melantha,Nockalls,mnockalls59@sphinn.com,Female
191,Fedora,Cloney,fcloney5a@weather.com,Female
192,Edan,Dikles,edikles5b@hexun.com,Male
193,Gray,Norcock,gnorcock5c@oracle.com,Male
194,Grannie,Blackborn,gblackborn5d@dell.com,Male
195,Donovan,Lope,dlope5e@surveymonkey.com,Male
196,Coreen,O'Neary,coneary5f@alexa.com,Female
197,Valry,Kelby,vkelby5g@mozilla.com,Female
198,Fiann,Wathen,fwathen5h@usda.gov,Female
199,Barb,Dahlberg,bdahlberg5i@youtu.be,Female
200,Merrill,Seys,mseys5j@independent.co.uk,Male
201,Oralee,Farriar,ofarriar5k@accuweather.com,Female
202,Bradan,Sabban,bsabban5l@naver.com,Male
203,Jeremy,Stanton,jstanton5m@pbs.org,Male
204,Kory,Cracknell,kcracknell5n@dedecms.com,Male
205,Enrichetta,Laurentin,elaurentin5o@wp.com,Female
206,Lizette,Pearson,lpearson5p@meetup.com,Female
207,Lilian,Bloss,lbloss5q@uol.com.br,Female
208,Brew,Iamittii,biamittii5r@chicagotribune.com,Male
209,Kalindi,Mosson,kmosson5s@craigslist.org,Female
210,Zonda,Hugnin,zhugnin5t@google.com.br,Female
211,Avram,Flook,aflook5u@unc.edu,Male
212,Vitia,Gilogly,vgilogly5v@hhs.gov,Female
213,Sol,Pane,spane5w@tripod.com,Male
214,Bron,Leeder,bleeder5x@wisc.edu,Male
215,Lombard,Filasov,lfilasov5y@princeton.edu,Male
216,Jeane,Wybourne,jwybourne5z@cbsnews.com,Female
217,Filberto,Jakes,fjakes60@w3.org,Male
218,Kelley,Lockhart,klockhart61@livejournal.com,Female
219,Christiano,Peers,cpeers62@tmall.com,Male
220,Omar,Dymoke,odymoke63@elegantthemes.com,Male
221,Thalia,Minett,tminett64@seesaa.net,Female
222,Aimil,Faughnan,afaughnan65@vkontakte.ru,Female
223,Cloe,Bathersby,cbathersby66@netlog.com,Female
224,Gilbert,Haney,ghaney67@google.cn,Male
225,Camilla,Cartledge,ccartledge68@bbb.org,Female
226,Clarita,Ivashnyov,civashnyov69@a8.net,Female
227,Alfreda,covino,acovino6a@spotify.com,Female
228,Philomena,Brennenstuhl,pbrennenstuhl6b@springer.com,Female
229,Christyna,Grandin,cgrandin6c@homestead.com,Female
230,Friederike,Pogue,fpogue6d@amazon.com,Female
231,Shari,Tolan,stolan6e@army.mil,Female
232,Eric,Higgen,ehiggen6f@gravatar.com,Male
233,My,Rieger,mrieger6g@lycos.com,Male
234,Blondelle,Gitsham,bgitsham6h@hostgator.com,Female
235,Polly,Neame,pneame6i@sfgate.com,Female
236,Ode,Teliga,oteliga6j@fema.gov,Male
237,Raul,Alessandretti,ralessandretti6k@zimbio.com,Male
238,Marcus,McDuffy,mmcduffy6l@booking.com,Male
239,Hakim,Gatsby,hgatsby6m@joomla.org,Male
240,Hi,Planque,hplanque6n@amazon.co.jp,Male
241,Silas,Points,spoints6o@cmu.edu,Male
242,Johanna,Gillions,jgillions6p@facebook.com,Female
243,Amery,Swedeland,aswedeland6q@rakuten.co.jp,Male
244,Marijn,McColl,mmccoll6r@de.vu,Male
245,Lester,Skewis,lskewis6s@biblegateway.com,Male
246,Rutherford,Lashley,rlashley6t@army.mil,Male
247,Helyn,Hulland,hhulland6u@china.com.cn,Female
248,Daisi,Tebboth,dtebboth6v@usa.gov,Female
249,Samuele,Heamus,sheamus6w@youtube.com,Male
250,L;urette,Navarre,lnavarre6x@smh.com.au,Female
251,Padget,Leyfield,pleyfield6y@sphinn.com,Male
252,Merrilee,Wattisham,mwattisham6z@a8.net,Female
253,Welby,MacDearmid,wmacdearmid70@yale.edu,Male
254,Spike,Toppes,stoppes71@t.co,Male
255,Hanson,Midner,hmidner72@aol.com,Male
256,Dale,Lefeaver,dlefeaver73@imgur.com,Female
257,Normy,MacPhaden,nmacphaden74@mail.ru,Male
258,Casey,Cringle,ccringle75@alibaba.com,Female
259,Rozanna,Domelow,rdomelow76@cafepress.com,Female
260,Dewey,Huelin,dhuelin77@pen.io,Male
261,Giff,Hartfield,ghartfield78@nyu.edu,Male
262,Bank,Cresser,bcresser79@g.co,Male
263,Thomasine,Palmer,tpalmer7a@4shared.com,Female
264,Mitch,Allaway,mallaway7b@sphinn.com,Male
265,Lou,Tolworthy,ltolworthy7c@ca.gov,Female
266,Gertrude,Janicek,gjanicek7d@twitpic.com,Female
267,Chrystal,Rogge,crogge7e@pbs.org,Female
268,Igor,Muehle,imuehle7f@samsung.com,Male
269,Garwood,Coryndon,gcoryndon7g@networksolutions.com,Male
270,Abdel,Reveley,areveley7h@cmu.edu,Male
271,Ezechiel,Gammill,egammill7i@bravesites.com,Male
272,Lem,Cosans,lcosans7j@opensource.org,Male
273,Jacinta,McKernon,jmckernon7k@netlog.com,Female
274,Glynis,Jocic,gjocic7l@google.it,Female
275,Biddy,Stickney,bstickney7m@walmart.com,Female
276,Iver,Bubb,ibubb7n@joomla.org,Male
277,Eugine,Quimby,equimby7o@youtube.com,Female
278,Waiter,Drogan,wdrogan7p@indiegogo.com,Male
279,Mona,Colleran,mcolleran7q@elegantthemes.com,Female
280,Hillyer,Streatfield,hstreatfield7r@nytimes.com,Male
281,Thorndike,Bryns,tbryns7s@cbsnews.com,Male
282,Virginia,Jonke,vjonke7t@i2i.jp,Female
283,Jorge,Eisikowitz,jeisikowitz7u@businessweek.com,Male
284,Alvera,Mumbray,amumbray7v@mail.ru,Female
285,Letizia,Mathen,lmathen7w@nsw.gov.au,Female
286,Priscella,Josskowitz,pjosskowitz7x@digg.com,Female
287,Nealson,Stuckes,nstuckes7y@rediff.com,Male
288,Brinn,Durrant,bdurrant7z@wiley.com,Female
289,Thadeus,Risbridge,trisbridge80@china.com.cn,Male
290,Deni,Swanbourne,dswanbourne81@slate.com,Female
291,Shoshana,Pietz,spietz82@hexun.com,Female
292,Cameron,Masterman,cmasterman83@cyberchimps.com,Male
293,Mendy,Julyan,mjulyan84@columbia.edu,Male
294,Gay,Cockerell,gcockerell85@smh.com.au,Female
295,Babette,de Almeida,bdealmeida86@homestead.com,Female
296,Romeo,Studdeard,rstuddeard87@dion.ne.jp,Male
297,Tierney,Degg,tdegg88@joomla.org,Female
298,Barnard,Crosswaite,bcrosswaite89@ycombinator.com,Male
299,Franchot,Thew,fthew8a@rakuten.co.jp,Male
300,Katlin,Hullyer,khullyer8b@tuttocitta.it,Female
301,Barbey,Guidelli,bguidelli8c@diigo.com,Female
302,Flossi,Rainton,frainton8d@jiathis.com,Female
303,Cassius,Harraway,charraway8e@sohu.com,Male
304,Jerrilyn,Merrall,jmerrall8f@joomla.org,Female
305,Christy,Lawdham,clawdham8g@house.gov,Female
306,Ulrick,Kettlesting,ukettlesting8h@icio.us,Male
307,Verina,Hassall,vhassall8i@quantcast.com,Female
308,Kennan,Ashforth,kashforth8j@yahoo.com,Male
309,Gordon,Jiri,gjiri8k@mediafire.com,Male
310,Randolph,Topley,rtopley8l@toplist.cz,Male
311,Goraud,Lanceter,glanceter8m@harvard.edu,Male
312,Lelah,Tutill,ltutill8n@taobao.com,Female
313,Gena,Barthram,gbarthram8o@nih.gov,Female
314,Charley,Van Oord,cvanoord8p@hostgator.com,Male
315,Waldo,Urch,wurch8q@businessinsider.com,Male
316,Minta,Shalliker,mshalliker8r@hexun.com,Female
317,Bertram,Leney,bleney8s@macromedia.com,Male
318,Lockwood,Donhardt,ldonhardt8t@senate.gov,Male
319,Lishe,Pomfrett,lpomfrett8u@comsenz.com,Female
320,Clare,Rogez,crogez8v@marketwatch.com,Female
321,Gabby,Ferentz,gferentz8w@hud.gov,Male
322,Andriette,Fowley,afowley8x@uiuc.edu,Female
323,Ewen,Bewick,ebewick8y@marriott.com,Male
324,Maurizia,Tournie,mtournie8z@blog.com,Female
325,Gale,Duddle,gduddle90@people.com.cn,Female
326,Misty,Whistlecraft,mwhistlecraft91@ucoz.com,Female
327,Hendrik,D'Antoni,hdantoni92@i2i.jp,Male
328,Adah,Valett,avalett93@ftc.gov,Female
329,Hilly,Cottam,hcottam94@cyberchimps.com,Male
330,Kacy,Briereton,kbriereton95@drupal.org,Female
331,Tabby,Passie,tpassie96@multiply.com,Female
332,Dore,Basford,dbasford97@paginegialle.it,Male
333,Geoffry,Ricold,gricold98@hibu.com,Male
334,Franky,Wayvill,fwayvill99@ucla.edu,Male
335,Erinn,Bulfield,ebulfield9a@yandex.ru,Female
336,Dede,Fortman,dfortman9b@hatena.ne.jp,Female
337,Walton,Goodricke,wgoodricke9c@hud.gov,Male
338,Cesya,Tebbet,ctebbet9d@cargocollective.com,Female
339,Zacharia,Bartaletti,zbartaletti9e@globo.com,Male
340,Oriana,Weatherhill,oweatherhill9f@irs.gov,Female
341,Lexine,Dumphy,ldumphy9g@comcast.net,Female
342,Bernetta,Scarff,bscarff9h@dropbox.com,Female
343,Bellanca,Campling,bcampling9i@ezinearticles.com,Female
344,Juana,Bebbington,jbebbington9j@fastcompany.com,Female
345,Melicent,Kyttor,mkyttor9k@devhub.com,Female
346,Berget,Haborn,bhaborn9l@sphinn.com,Female
347,Giacopo,Broxton,gbroxton9m@wunderground.com,Male
348,Frayda,Shaw,fshaw9n@usnews.com,Female
349,Emmit,Kleiser,ekleiser9o@discuz.net,Male
350,Dana,Foster-Smith,dfostersmith9p@ucoz.ru,Female
351,Kessia,Priestnall,kpriestnall9q@theatlantic.com,Female
352,Forbes,Gavigan,fgavigan9r@uol.com.br,Male
353,Edan,Repp,erepp9s@biblegateway.com,Male
354,Felic,Gromley,fgromley9t@tinyurl.com,Male
355,Collete,Bloom,cbloom9u@ihg.com,Female
356,Shurwood,Wines,swines9v@forbes.com,Male
357,Daphne,Winfield,dwinfield9w@fotki.com,Female
358,Dorise,Swires,dswires9x@hibu.com,Female
359,Alford,Bricklebank,abricklebank9y@stumbleupon.com,Male
360,Johannah,Sutor,jsutor9z@amazonaws.com,Female
361,Jackson,Edscer,jedscera0@feedburner.com,Male
362,Jeffrey,Chalke,jchalkea1@list-manage.com,Male
363,Blayne,Hounsom,bhounsoma2@adobe.com,Male
364,Rolando,McVee,rmcveea3@bluehost.com,Male
365,Rinaldo,Ringsell,rringsella4@statcounter.com,Male
366,Celestia,Renfrew,crenfrewa5@ycombinator.com,Female
367,Fionnula,Rickson,fricksona6@cpanel.net,Female
368,Leonerd,Angier,langiera7@moonfruit.com,Male
369,Zolly,Broughton,zbroughtona8@bigcartel.com,Male
370,Ferd,Millmoe,fmillmoea9@squarespace.com,Male
371,Lea,Ginity,lginityaa@usda.gov,Female
372,Christen,Beldom,cbeldomab@bbb.org,Female
373,Arvy,Lamputt,alamputtac@yahoo.co.jp,Male
374,Gerri,Eidler,geidlerad@accuweather.com,Female
375,Obadias,Stevenson,ostevensonae@hp.com,Male
376,Guy,Isoldi,gisoldiaf@epa.gov,Male
377,Thedric,Boxhall,tboxhallag@sitemeter.com,Male
378,Doroteya,Oakwood,doakwoodah@1und1.de,Female
379,Wolfie,Neller,wnellerai@mayoclinic.com,Male
380,Stavros,Tregust,stregustaj@hugedomains.com,Male
381,Tamara,Tritton,ttrittonak@businessinsider.com,Female
382,Bruce,Sigge,bsiggeal@wisc.edu,Male
383,Jonas,Meates,jmeatesam@mlb.com,Male
384,Bear,Beaconsall,bbeaconsallan@cbc.ca,Male
385,Web,Lomasny,wlomasnyao@microsoft.com,Male
386,Kipper,Shanahan,kshanahanap@wikia.com,Male
387,Sergio,Seekings,sseekingsaq@msn.com,Male
388,Paula,Measom,pmeasomar@jalbum.net,Female
389,Newton,Lackinton,nlackintonas@livejournal.com,Male
390,Woodrow,Tsarovic,wtsarovicat@gov.uk,Male
391,Georgina,Troman,gtromanau@squarespace.com,Female
392,Ringo,Thowless,rthowlessav@typepad.com,Male
393,Sileas,Horney,shorneyaw@wufoo.com,Female
394,Levy,Late,llateax@facebook.com,Male
395,Maynord,Dauby,mdaubyay@ed.gov,Male
396,Haydon,Kirkpatrick,hkirkpatrickaz@lulu.com,Male
397,Nannie,Heape,nheapeb0@surveymonkey.com,Female
398,Codie,Reiglar,creiglarb1@hc360.com,Female
399,Austen,Brotherton,abrothertonb2@wikia.com,Male
400,Sapphira,Abbys,sabbysb3@berkeley.edu,Female
401,Cate,Craft,ccraftb4@ft.com,Female
402,Aaron,Chicchetto,achicchettob5@elegantthemes.com,Male
403,Selestina,Bisset,sbissetb6@blogger.com,Female
404,Olav,Pechet,opechetb7@google.co.jp,Male
405,Andris,Skingle,askingleb8@reference.com,Male
406,Adara,Crichmer,acrichmerb9@reddit.com,Female
407,Terrye,Duckerin,tduckerinba@delicious.com,Female
408,Dulci,Petras,dpetrasbb@yelp.com,Female
409,Smitty,Craise,scraisebc@ask.com,Male
410,Dianemarie,Dunthorne,ddunthornebd@cnbc.com,Female
411,Gary,Demicoli,gdemicolibe@apple.com,Male
412,Marlyn,Guare,mguarebf@vinaora.com,Female
413,Obadias,Russilll,orussilllbg@blogger.com,Male
414,Phelia,McDarmid,pmcdarmidbh@sakura.ne.jp,Female
415,Hazel,Cropton,hcroptonbi@so-net.ne.jp,Male
416,Ave,Cradick,acradickbj@yandex.ru,Male
417,Barbabas,Seaking,bseakingbk@imageshack.us,Male
418,Ulises,Jovovic,ujovovicbl@photobucket.com,Male
419,Bax,Flanders,bflandersbm@unesco.org,Male
420,Brenden,Horlick,bhorlickbn@yandex.ru,Male
421,Fae,Feakins,ffeakinsbo@storify.com,Female
422,Cliff,Quipp,cquippbp@rambler.ru,Male
423,Rikki,Shillabeare,rshillabearebq@flickr.com,Male
424,Mason,Barfoot,mbarfootbr@earthlink.net,Male
425,Peirce,Mead,pmeadbs@vk.com,Male
426,Janek,Archell,jarchellbt@nydailynews.com,Male
427,Emylee,Altofts,ealtoftsbu@netlog.com,Female
428,Gwyneth,Sauniere,gsaunierebv@elpais.com,Female
429,Sisile,Gowdridge,sgowdridgebw@msu.edu,Female
430,Gaby,Earney,gearneybx@cafepress.com,Male
431,Bobby,Lush,blushby@epa.gov,Male
432,Miran,Jordeson,mjordesonbz@webs.com,Female
433,Molli,Whetnell,mwhetnellc0@prlog.org,Female
434,Thane,Kunneke,tkunnekec1@cornell.edu,Male
435,Fianna,Tucsell,ftucsellc2@youtube.com,Female
436,Charmane,Sutherden,csutherdenc3@networksolutions.com,Female
437,Haskel,Gillmore,hgillmorec4@whitehouse.gov,Male
438,Jewel,Cooney,jcooneyc5@va.gov,Female
439,Ripley,Sowter,rsowterc6@paginegialle.it,Male
440,Casandra,Maddison,cmaddisonc7@microsoft.com,Female
441,Raquela,Yarnold,ryarnoldc8@so-net.ne.jp,Female
442,Ferdinand,Mouan,fmouanc9@yahoo.co.jp,Male
443,Myrtia,Burnie,mburnieca@squidoo.com,Female
444,Farica,Collings,fcollingscb@ted.com,Female
445,Drucie,Nend,dnendcc@google.co.uk,Female
446,Welbie,Gerbl,wgerblcd@wunderground.com,Male
447,Francklin,Silcocks,fsilcocksce@wp.com,Male
448,Gran,Atteridge,gatteridgecf@skyrock.com,Male
449,Howard,Roseaman,hroseamancg@europa.eu,Male
450,Janine,Pontefract,jpontefractch@networksolutions.com,Female
451,Derrick,Cudbertson,dcudbertsonci@weibo.com,Male
452,Leopold,Gerson,lgersoncj@hc360.com,Male
453,Dana,Seint,dseintck@ibm.com,Female
454,Lynea,Summerly,lsummerlycl@si.edu,Female
455,Cy,Whewell,cwhewellcm@lulu.com,Male
456,Hyacinthie,Ripper,hrippercn@amazon.co.jp,Female
457,Cris,Bohman,cbohmanco@reuters.com,Female
458,Adeline,Normanville,anormanvillecp@hexun.com,Female
459,Celesta,Kupisz,ckupiszcq@upenn.edu,Female
460,Ker,Guildford,kguildfordcr@issuu.com,Male
461,Guglielmo,Laven,glavencs@i2i.jp,Male
462,Marlow,Anyene,manyenect@php.net,Male
463,Kessiah,Bratcher,kbratchercu@facebook.com,Female
464,Petey,Clapson,pclapsoncv@mapquest.com,Male
465,Ad,Gregh,agreghcw@seattletimes.com,Male
466,Sal,Cottier,scottiercx@illinois.edu,Male
467,Ransell,Rennenbach,rrennenbachcy@paginegialle.it,Male
468,Lorrin,Caillou,lcailloucz@parallels.com,Female
469,Sydelle,Selwyn,sselwynd0@pcworld.com,Female
470,Penelopa,Assad,passadd1@kickstarter.com,Female
471,Burke,Bouts,bboutsd2@zdnet.com,Male
472,Alessandra,Casserley,acasserleyd3@virginia.edu,Female
473,Steffie,Vaughten,svaughtend4@networksolutions.com,Female
474,Yvor,Rennicks,yrennicksd5@cnn.com,Male
475,Desmund,McCuthais,dmccuthaisd6@skyrock.com,Male
476,Shelton,Menlow,smenlowd7@marriott.com,Male
477,Peyton,Ledster,pledsterd8@businesswire.com,Male
478,Garwood,Gerrey,ggerreyd9@smh.com.au,Male
479,Rayna,Keyho,rkeyhoda@youku.com,Female
480,Lucas,Vigietti,lvigiettidb@trellian.com,Male
481,Carlyn,Fraine,cfrainedc@scientificamerican.com,Female
482,Ross,Unwins,runwinsdd@geocities.com,Male
483,Kilian,Kinnon,kkinnonde@clickbank.net,Male
484,Pippo,Croughan,pcroughandf@netscape.com,Male
485,Frannie,Muscroft,fmuscroftdg@unicef.org,Male
486,Andrew,Tott,atottdh@whitehouse.gov,Male
487,Jules,Witty,jwittydi@amazon.de,Male
488,Bernita,Martinot,bmartinotdj@prlog.org,Female
489,Earle,MacGiolla Pheadair,emacgiollapheadairdk@photobucket.com,Male
490,Eugenia,Swetenham,eswetenhamdl@nifty.com,Female
491,Maegan,Rangeley,mrangeleydm@adobe.com,Female
492,Abram,Bartot,abartotdn@i2i.jp,Male
493,Alvan,Guinane,aguinanedo@mozilla.org,Male
494,Georgette,Derr,gderrdp@pagesperso-orange.fr,Female
495,Fredi,Whitnell,fwhitnelldq@springer.com,Female
496,Bond,Hefferan,bhefferandr@wp.com,Male
497,Nev,Kordas,nkordasds@sakura.ne.jp,Male
498,Tobi,Finlayson,tfinlaysondt@ustream.tv,Female
499,Jazmin,Herries,jherriesdu@tripadvisor.com,Female
500,Nestor,Fronzek,nfronzekdv@artisteer.com,Male
501,Sonny,Bartalot,sbartalotdw@toplist.cz,Male
502,Tamiko,Scemp,tscempdx@examiner.com,Female
503,Tate,Apark,taparkdy@nih.gov,Female
504,Pryce,Carnier,pcarnierdz@stanford.edu,Male
505,Washington,O'Flannery,woflannerye0@geocities.jp,Male
506,Faulkner,Cello,fcelloe1@meetup.com,Male
507,Verine,McDonagh,vmcdonaghe2@free.fr,Female
508,Greta,Castille,gcastillee3@imdb.com,Female
509,Nina,McGoldrick,nmcgoldricke4@auda.org.au,Female
510,Arin,Dimont,adimonte5@behance.net,Male
511,Weider,McVicar,wmcvicare6@odnoklassniki.ru,Male
512,Hailey,Sevier,hseviere7@51.la,Male
513,Way,Culvey,wculveye8@paginegialle.it,Male
514,Westleigh,Jery,wjerye9@ehow.com,Male
515,Minta,Gilders,mgildersea@meetup.com,Female
516,Hurley,Klemke,hklemkeeb@cdbaby.com,Male
517,Lev,Falls,lfallsec@trellian.com,Male
518,Corrie,Quakley,cquakleyed@gravatar.com,Female
519,Frazier,Marwick,fmarwickee@google.ca,Male
520,Elfreda,Cuthbert,ecuthbertef@census.gov,Female
521,Ruy,Kristoffersson,rkristofferssoneg@sbwire.com,Male
522,Ninon,Geggus,ngegguseh@sbwire.com,Female
523,Parsifal,Vargas,pvargasei@51.la,Male
524,Gabriel,Alexandrescu,galexandrescuej@hostgator.com,Male
525,Lina,Meneux,lmeneuxek@51.la,Female
526,Agretha,Divver,adivverel@imageshack.us,Female
527,Jojo,Seppey,jseppeyem@hao123.com,Female
528,Isa,Le Port,ileporten@apache.org,Male
529,Paul,Turton,pturtoneo@theatlantic.com,Male
530,Nadia,Khidr,nkhidrep@wiley.com,Female
531,Tannie,Thormann,tthormanneq@shutterfly.com,Male
532,Clarke,Prinnett,cprinnetter@home.pl,Male
533,Zorina,Alexandre,zalexandrees@virginia.edu,Female
534,Currie,Onge,congeet@xing.com,Male
535,Thomas,Ragborne,tragborneeu@geocities.jp,Male
536,Sophia,Joynes,sjoynesev@blog.com,Female
537,Niall,Harker,nharkerew@mashable.com,Male
538,Herve,Boyd,hboydex@cafepress.com,Male
539,Pearce,Boodell,pboodelley@lulu.com,Male
540,Trace,Andor,tandorez@cdbaby.com,Male
541,Bud,Keets,bkeetsf0@mozilla.org,Male
542,Julita,Kenningham,jkenninghamf1@oakley.com,Female
543,Florentia,Dykes,fdykesf2@guardian.co.uk,Female
544,Chloris,Ebbin,cebbinf3@hao123.com,Female
545,Rawley,Newgrosh,rnewgroshf4@tripadvisor.com,Male
546,Fanechka,Scohier,fscohierf5@furl.net,Female
547,Leighton,Atwill,latwillf6@cnn.com,Male
548,Helaina,Pele,hpelef7@vistaprint.com,Female
549,Mercie,Deplacido,mdeplacidof8@businessinsider.com,Female
550,Gilles,Slewcock,gslewcockf9@mlb.com,Male
551,Hilary,Crispin,hcrispinfa@slashdot.org,Male
552,Kally,Fishwick,kfishwickfb@godaddy.com,Female
553,Lawton,Beckinsall,lbeckinsallfc@pinterest.com,Male
554,Greggory,Bulfield,gbulfieldfd@berkeley.edu,Male
555,Aksel,Ling,alingfe@joomla.org,Male
556,Massimiliano,Waliszek,mwaliszekff@discovery.com,Male
557,Renell,McNamee,rmcnameefg@moonfruit.com,Female
558,Mireille,Grafham,mgrafhamfh@ebay.com,Female
559,Kinnie,Doerr,kdoerrfi@irs.gov,Male
560,Shelagh,Fobidge,sfobidgefj@yelp.com,Female
561,Ansley,Haddock,ahaddockfk@sun.com,Female
562,Walsh,Steadman,wsteadmanfl@ovh.net,Male
563,Gillian,Sturge,gsturgefm@wired.com,Female
564,Averill,Garrad,agarradfn@cnbc.com,Male
565,Agna,Spink,aspinkfo@nyu.edu,Female
566,Arlena,Quarlis,aquarlisfp@illinois.edu,Female
567,Raimondo,Paulusch,rpauluschfq@howstuffworks.com,Male
568,Fonz,Braime,fbraimefr@facebook.com,Male
569,Maiga,Croson,mcrosonfs@acquirethisname.com,Female
570,Carmella,Cordeiro,ccordeiroft@amazon.com,Female
571,Inessa,Collings,icollingsfu@shinystat.com,Female
572,Bobinette,Giacobbo,bgiacobbofv@techcrunch.com,Female
573,Ariel,Cessford,acessfordfw@pen.io,Female
574,Loren,Frew,lfrewfx@vinaora.com,Male
575,Nolana,McCrann,nmccrannfy@friendfeed.com,Female
576,Ashely,Pettiford,apettifordfz@artisteer.com,Female
577,Binnie,Pimblott,bpimblottg0@istockphoto.com,Female
578,Doria,Makey,dmakeyg1@slideshare.net,Female
579,Nathalia,Owttrim,nowttrimg2@purevolume.com,Female
580,Kienan,Theodore,ktheodoreg3@latimes.com,Male
581,See,Braizier,sbraizierg4@simplemachines.org,Male
582,Koressa,Jeffree,kjeffreeg5@cmu.edu,Female
583,Anselma,Nairn,anairng6@bloomberg.com,Female
584,Barr,Sampson,bsampsong7@state.gov,Male
585,Marga,McGeachy,mmcgeachyg8@sciencedirect.com,Female
586,Ewell,Fortnon,efortnong9@t-online.de,Male
587,Jamil,Rennard,jrennardga@dailymotion.com,Male
588,Rhona,Bothbie,rbothbiegb@tmall.com,Female
589,Fran,Shemilt,fshemiltgc@europa.eu,Female
590,Robinetta,Bukac,rbukacgd@posterous.com,Female
591,Shepherd,Navan,snavange@icq.com,Male
592,Arthur,Tabourier,atabouriergf@google.es,Male
593,Kurt,Rewbottom,krewbottomgg@nps.gov,Male
594,Willis,Clancey,wclanceygh@blinklist.com,Male
595,Homerus,Wetherald,hwetheraldgi@yahoo.com,Male
596,Dell,Hazelby,dhazelbygj@printfriendly.com,Female
597,Flinn,Docket,fdocketgk@hugedomains.com,Male
598,Prisca,Evans,pevansgl@list-manage.com,Female
599,Waylin,Stocken,wstockengm@hc360.com,Male
600,Stefa,Winkless,swinklessgn@webmd.com,Female
601,Farlay,Jenteau,fjenteaugo@oracle.com,Male
602,Gratiana,Brouard,gbrouardgp@ebay.com,Female
603,Nickey,Borgnol,nborgnolgq@e-recht24.de,Male
604,Gwendolen,Hargreave,ghargreavegr@nhs.uk,Female
605,Linda,Grinley,lgrinleygs@jugem.jp,Female
606,Aviva,Housecraft,ahousecraftgt@ning.com,Female
607,Joseph,Enticott,jenticottgu@e-recht24.de,Male
608,Trstram,Godspeede,tgodspeedegv@jimdo.com,Male
609,Corissa,De Gogay,cdegogaygw@businessinsider.com,Female
610,Averell,Swiffan,aswiffangx@wunderground.com,Male
611,Tiffie,Paik,tpaikgy@yahoo.com,Female
612,Cherrita,Crampsey,ccrampseygz@apache.org,Female
613,Auberon,Boodle,aboodleh0@who.int,Male
614,Cosetta,Innocent,cinnocenth1@google.nl,Female
615,Dew,Edgington,dedgingtonh2@epa.gov,Male
616,Byram,Dumphy,bdumphyh3@google.com.au,Male
617,Jacquelynn,Mendes,jmendesh4@unc.edu,Female
618,Jolyn,McCauley,jmccauleyh5@ca.gov,Female
619,Rooney,Anersen,ranersenh6@state.gov,Male
620,Orly,Hewson,ohewsonh7@huffingtonpost.com,Female
621,Lowell,Morant,lmoranth8@cyberchimps.com,Male
622,Neils,Wayne,nwayneh9@wordpress.com,Male
623,Freddi,Everest,feverestha@cbslocal.com,Female
624,Sherm,Boig,sboighb@washingtonpost.com,Male
625,Erroll,Willmont,ewillmonthc@japanpost.jp,Male
626,Maren,Frederick,mfrederickhd@go.com,Female
627,Dirk,Biswell,dbiswellhe@acquirethisname.com,Male
628,Gonzalo,Pottle,gpottlehf@goodreads.com,Male
629,Lucian,Ledekker,lledekkerhg@prnewswire.com,Male
630,Elberta,Maeer,emaeerhh@issuu.com,Female
631,Marlon,Layzell,mlayzellhi@alibaba.com,Male
632,Katuscha,Portch,kportchhj@joomla.org,Female
633,Marilee,Quinnelly,mquinnellyhk@google.it,Female
634,Mohandas,Frazer,mfrazerhl@microsoft.com,Male
635,Shane,Rohloff,srohloffhm@springer.com,Female
636,Tiena,Oldis,toldishn@house.gov,Female
637,Obed,Double,odoubleho@hostgator.com,Male
638,Dugald,Rhydderch,drhydderchhp@sogou.com,Male
639,Gerta,Vynall,gvynallhq@kickstarter.com,Female
640,Tess,Kynge,tkyngehr@about.com,Female
641,Hartwell,Vollam,hvollamhs@dagondesign.com,Male
642,Delinda,Greenland,dgreenlandht@photobucket.com,Female
643,Derry,Chipman,dchipmanhu@ca.gov,Male
644,Prissie,Jerzyk,pjerzykhv@businesswire.com,Female
645,Conrade,Bluck,cbluckhw@cam.ac.uk,Male
646,Rae,Streatfield,rstreatfieldhx@trellian.com,Female
647,Denys,Kirkwood,dkirkwoodhy@walmart.com,Male
648,Caroline,Champkin,cchampkinhz@feedburner.com,Female
649,Fionna,Romei,fromeii0@angelfire.com,Female
650,Clementina,Pettecrew,cpettecrewi1@hexun.com,Female
651,Karlens,Fernehough,kfernehoughi2@java.com,Male
652,Rowan,Lalonde,rlalondei3@vinaora.com,Male
653,Jabez,Imms,jimmsi4@phpbb.com,Male
654,Greer,Sumner,gsumneri5@bizjournals.com,Female
655,Mitch,Edwins,medwinsi6@latimes.com,Male
656,Andreana,Fiennes,afiennesi7@tiny.cc,Female
657,Vincenty,Vinecombe,vvinecombei8@yellowpages.com,Male
658,Freddie,Thomelin,fthomelini9@edublogs.org,Male
659,Maia,Jakeman,mjakemania@tinyurl.com,Female
660,Susanetta,Trayes,strayesib@usa.gov,Female
661,Dylan,Esh,deshic@elegantthemes.com,Male
662,Fitz,Mollatt,fmollattid@indiegogo.com,Male
663,Katherina,Pigrome,kpigromeie@delicious.com,Female
664,Ly,McHan,lmchanif@hc360.com,Male
665,Barbette,Shearmer,bshearmerig@ycombinator.com,Female
666,Angil,Whichelow,awhichelowih@angelfire.com,Female
667,Mel,Meindl,mmeindlii@naver.com,Female
668,Meryl,Bineham,mbinehamij@e-recht24.de,Male
669,Massimo,Brotherwood,mbrotherwoodik@cpanel.net,Male
670,Dag,Oneal,donealil@wired.com,Male
671,Idaline,Boom,iboomim@house.gov,Female
672,Olva,Neilus,oneilusin@prnewswire.com,Female
673,Essie,Momford,emomfordio@ca.gov,Female
674,Wayland,Lochrie,wlochrieip@gnu.org,Male
675,Guntar,Wegenen,gwegeneniq@chron.com,Male
676,Elladine,Suggitt,esuggittir@samsung.com,Female
677,Mellie,Van de Castele,mvandecasteleis@pen.io,Female
678,Giulio,Burel,gburelit@vk.com,Male
679,Danita,Keepe,dkeepeiu@themeforest.net,Female
680,Drusi,Togwell,dtogwelliv@icq.com,Female
681,Martino,Rabat,mrabatiw@360.cn,Male
682,Desiri,Cliffe,dcliffeix@timesonline.co.uk,Female
683,Keri,Rigard,krigardiy@blog.com,Female
684,Nickey,Essel,nesseliz@webs.com,Male
685,Giacinta,Sperry,gsperryj0@si.edu,Female
686,Shela,Hundey,shundeyj1@opensource.org,Female
687,Allx,Willicott,awillicottj2@wp.com,Female
688,Myranda,Lindblom,mlindblomj3@auda.org.au,Female
689,Beniamino,MacTague,bmactaguej4@vimeo.com,Male
690,Gibby,Twinbrow,gtwinbrowj5@weibo.com,Male
691,Werner,Airds,wairdsj6@craigslist.org,Male
692,Smith,Safont,ssafontj7@ucoz.ru,Male
693,Pieter,Varvara,pvarvaraj8@booking.com,Male
694,Danya,Slyme,dslymej9@i2i.jp,Male
695,Bale,Proughten,bproughtenja@ameblo.jp,Male
696,Cristie,Elnor,celnorjb@biblegateway.com,Female
697,Alessandra,Angell,aangelljc@mediafire.com,Female
698,Rowan,Perillo,rperillojd@sakura.ne.jp,Male
699,Fonz,Edmenson,fedmensonje@senate.gov,Male
700,Almeta,Gourdon,agourdonjf@github.io,Female
701,Catharina,Lammerding,clammerdingjg@example.com,Female
702,Logan,Frapwell,lfrapwelljh@i2i.jp,Male
703,Wallis,Mewrcik,wmewrcikji@yelp.com,Female
704,Dov,Fattorini,dfattorinijj@etsy.com,Male
705,Christiana,Cadwell,ccadwelljk@mysql.com,Female
706,Kora,Beeching,kbeechingjl@usa.gov,Female
707,Savina,MacMeeking,smacmeekingjm@newyorker.com,Female
708,Julie,Float,jfloatjn@networkadvertising.org,Female
709,Skelly,Laughlin,slaughlinjo@fema.gov,Male
710,Maurita,Laneham,mlanehamjp@rediff.com,Female
711,Huntlee,Shower,hshowerjq@paypal.com,Male
712,Alyson,Roskelly,aroskellyjr@lycos.com,Female
713,Farlay,Castleman,fcastlemanjs@blogger.com,Male
714,Maud,Asee,maseejt@ehow.com,Female
715,Goldie,Cairney,gcairneyju@hc360.com,Female
716,Vi,Burree,vburreejv@phoca.cz,Female
717,Town,Aughton,taughtonjw@weibo.com,Male
718,Ilsa,Woolway,iwoolwayjx@epa.gov,Female
719,Rahal,Marsay,rmarsayjy@businessinsider.com,Female
720,Jephthah,Peiro,jpeirojz@purevolume.com,Male
721,Talia,McLafferty,tmclaffertyk0@hud.gov,Female
722,Elijah,Clardge,eclardgek1@hhs.gov,Male
723,Ignacio,McKinless,imckinlessk2@ustream.tv,Male
724,Carmelita,McGee,cmcgeek3@ftc.gov,Female
725,Natividad,Befroy,nbefroyk4@reuters.com,Female
726,Adella,Newdick,anewdickk5@state.gov,Female
727,Tildi,Eirwin,teirwink6@friendfeed.com,Female
728,Yancey,Farrow,yfarrowk7@google.ru,Male
729,Rorke,Brockington,rbrockingtonk8@goo.ne.jp,Male
730,Orelia,Lovatt,olovattk9@wikispaces.com,Female
731,Drugi,Denial,ddenialka@loc.gov,Male
732,Marvin,Ripley,mripleykb@mac.com,Male
733,Janina,Cullagh,jcullaghkc@indiatimes.com,Female
734,Elaine,Lawrance,elawrancekd@pinterest.com,Female
735,Lamont,Dartan,ldartanke@yahoo.com,Male
736,June,Phair,jphairkf@opera.com,Female
737,Darby,Hynes,dhyneskg@yolasite.com,Female
738,Gerri,Ochterlonie,gochterloniekh@pbs.org,Male
739,Tallulah,Secrett,tsecrettki@fotki.com,Female
740,Correy,Rosewell,crosewellkj@auda.org.au,Male
741,Marylin,Eustanch,meustanchkk@nps.gov,Female
742,Gun,Tuckwell,gtuckwellkl@ask.com,Male
743,Kipper,Domanek,kdomanekkm@dagondesign.com,Male
744,Sibel,Ofener,sofenerkn@netscape.com,Female
745,Lonny,Heinle,lheinleko@freewebs.com,Male
746,Gerick,Banner,gbannerkp@w3.org,Male
747,Tallou,Rennebeck,trennebeckkq@cnbc.com,Female
748,Barbey,Lapenna,blapennakr@desdev.cn,Female
749,Joya,Phillimore,jphillimoreks@ifeng.com,Female
750,Daren,Houndsom,dhoundsomkt@state.gov,Male
751,Gusti,Shattock,gshattockku@unblog.fr,Female
752,Teddie,Caroli,tcarolikv@dagondesign.com,Female
753,Bibbie,Doggart,bdoggartkw@washington.edu,Female
754,Kimberley,Newlove,knewlovekx@rediff.com,Female
755,Virgina,Mulrenan,vmulrenanky@indiatimes.com,Female
756,Pattie,Bristoe,pbristoekz@prnewswire.com,Female
757,Aili,Sedgman,asedgmanl0@tinyurl.com,Female
758,Tanner,Haresnaip,tharesnaipl1@skyrock.com,Male
759,Shelden,Swafford,sswaffordl2@ted.com,Male
760,Silva,Dewberry,sdewberryl3@mysql.com,Female
761,Huberto,McMarquis,hmcmarquisl4@ox.ac.uk,Male
762,Giustino,Sansome,gsansomel5@acquirethisname.com,Male
763,Rosita,O'Beirne,robeirnel6@trellian.com,Female
764,Ianthe,Gilman,igilmanl7@examiner.com,Female
765,Joachim,Belchem,jbelcheml8@cam.ac.uk,Male
766,Leonid,Larret,llarretl9@unc.edu,Male
767,Emmery,Cheale,echealela@techcrunch.com,Male
768,Nissa,Knoton,nknotonlb@sitemeter.com,Female
769,Clem,Dodsworth,cdodsworthlc@cyberchimps.com,Female
770,Umeko,Carrodus,ucarrodusld@europa.eu,Female
771,Farrell,Ather,fatherle@discovery.com,Male
772,Ashley,Marchand,amarchandlf@virginia.edu,Female
773,Karlan,Skowcraft,kskowcraftlg@shinystat.com,Male
774,Davy,Curnok,dcurnoklh@microsoft.com,Male
775,Dory,Gerardeaux,dgerardeauxli@ifeng.com,Male
776,Georg,McDarmid,gmcdarmidlj@vimeo.com,Male
777,Jocelyn,Buckhurst,jbuckhurstlk@telegraph.co.uk,Female
778,Andree,Trench,atrenchll@vistaprint.com,Female
779,Halette,Spowage,hspowagelm@mozilla.org,Female
780,Margot,Crix,mcrixln@salon.com,Female
781,Gibbie,Cartmer,gcartmerlo@comsenz.com,Male
782,Lorrie,Piniur,lpiniurlp@behance.net,Male
783,Dasie,Gorger,dgorgerlq@prlog.org,Female
784,Adair,Lannon,alannonlr@istockphoto.com,Male
785,Thurston,Inglesent,tinglesentls@blinklist.com,Male
786,Stephanus,Boatright,sboatrightlt@youtu.be,Male
787,Wolf,Vant,wvantlu@npr.org,Male
788,Rochella,Caddie,rcaddielv@posterous.com,Female
789,Bobbye,Lipman,blipmanlw@weibo.com,Female
790,Garry,Vagges,gvaggeslx@dion.ne.jp,Male
791,Wendel,Smouten,wsmoutenly@homestead.com,Male
792,Redd,Frail,rfraillz@icq.com,Male
793,Ado,O'Scollain,aoscollainm0@geocities.com,Male
794,Thayne,De La Hay,tdelahaym1@cpanel.net,Male
795,Alyssa,Dunsmuir,adunsmuirm2@cyberchimps.com,Female
796,Linette,Ibbott,libbottm3@e-recht24.de,Female
797,Anatola,Wohlers,awohlersm4@storify.com,Female
798,Kaela,Fink,kfinkm5@jimdo.com,Female
799,Tally,Triswell,ttriswellm6@github.com,Male
800,Bessie,Luciani,blucianim7@marketwatch.com,Female
801,Stanley,Boater,sboaterm8@weibo.com,Male
802,Janka,Shildrick,jshildrickm9@dropbox.com,Female
803,Alanson,Gobolos,agobolosma@cargocollective.com,Male
804,Jdavie,Deluze,jdeluzemb@last.fm,Male
805,Ingrim,Jagson,ijagsonmc@google.co.jp,Male
806,Clarisse,MacTrustam,cmactrustammd@apple.com,Female
807,Nicolais,Meco,nmecome@artisteer.com,Male
808,Elvera,Wedgbrow,ewedgbrowmf@telegraph.co.uk,Female
809,Thorstein,Balham,tbalhammg@youku.com,Male
810,Tandie,Paaso,tpaasomh@unblog.fr,Female
811,Meridith,Jaffra,mjafframi@mozilla.com,Female
812,Peggi,Torns,ptornsmj@abc.net.au,Female
813,Kliment,Bakster,kbakstermk@sakura.ne.jp,Male
814,Blondy,Rosie,brosieml@java.com,Female
815,Eddie,Donett,edonettmm@jigsy.com,Male
816,Rachael,Brenneke,rbrennekemn@delicious.com,Female
817,Paten,Rodgerson,prodgersonmo@dion.ne.jp,Male
818,Ky,Kunisch,kkunischmp@t-online.de,Male
819,Diana,O'Duane,doduanemq@exblog.jp,Female
820,Genni,Malbon,gmalbonmr@ovh.net,Female
821,Cecilia,Bisseker,cbissekerms@bandcamp.com,Female
822,Lynnet,Vinter,lvintermt@opera.com,Female
823,Clo,Coneron,cconeronmu@mapy.cz,Female
824,Vale,Colnett,vcolnettmv@angelfire.com,Male
825,Cleve,Mayfield,cmayfieldmw@ovh.net,Male
826,Peirce,Petrolli,ppetrollimx@nbcnews.com,Male
827,Shauna,Janikowski,sjanikowskimy@tamu.edu,Female
828,Elsworth,Orton,eortonmz@slashdot.org,Male
829,Sigfried,Arthur,sarthurn0@a8.net,Male
830,Deloria,Parrot,dparrotn1@topsy.com,Female
831,Quillan,Lindroos,qlindroosn2@smugmug.com,Male
832,Howard,Bleaden,hbleadenn3@elegantthemes.com,Male
833,Susy,Antoniou,santonioun4@yale.edu,Female
834,Delphine,Colcutt,dcolcuttn5@mysql.com,Female
835,Drusy,Yeiles,dyeilesn6@issuu.com,Female
836,Mallory,Shinfield,mshinfieldn7@usda.gov,Male
837,Parry,Dyne,pdynen8@vistaprint.com,Male
838,Edouard,Cassedy,ecassedyn9@hhs.gov,Male
839,Jo,Skilling,jskillingna@state.gov,Female
840,Nicholas,Byrd,nbyrdnb@fc2.com,Male
841,Nesta,Sebrens,nsebrensnc@1und1.de,Female
842,Rubia,Eilhermann,reilhermannnd@deviantart.com,Female
843,Lothario,Bemwell,lbemwellne@cbslocal.com,Male
844,Corbet,Mishow,cmishownf@yahoo.co.jp,Male
845,Clary,Greggs,cgreggsng@ocn.ne.jp,Female
846,Dionis,Szymanek,dszymaneknh@xing.com,Female
847,Teresita,Devenny,tdevennyni@washingtonpost.com,Female
848,Grace,Sharvell,gsharvellnj@so-net.ne.jp,Male
849,Leonore,Layborn,llaybornnk@webmd.com,Female
850,Tiffi,Messier,tmessiernl@ehow.com,Female
851,Felice,Stellino,fstellinonm@clickbank.net,Male
852,Lanni,Kirvell,lkirvellnn@homestead.com,Female
853,Alfie,Clutram,aclutramno@reuters.com,Female
854,Harlie,Philipard,hphilipardnp@blinklist.com,Female
855,Guthry,Grishakin,ggrishakinnq@prweb.com,Male
856,Wendall,Anthes,wanthesnr@lulu.com,Male
857,Neill,Basley,nbasleyns@last.fm,Male
858,Adorne,Wagg,awaggnt@earthlink.net,Female
859,Darrin,Swancott,dswancottnu@rakuten.co.jp,Male
860,Cynde,Currm,ccurrmnv@who.int,Female
861,Dyanna,Eddisforth,deddisforthnw@google.com.au,Female
862,Gardner,Northidge,gnorthidgenx@cnn.com,Male
863,Kearney,Rebbeck,krebbeckny@blinklist.com,Male
864,Teddie,Lambirth,tlambirthnz@over-blog.com,Male
865,Tarrah,O'Mullaney,tomullaneyo0@ucsd.edu,Female
866,Coretta,Snailham,csnailhamo1@google.com.au,Female
867,Hirsch,Botham,hbothamo2@dell.com,Male
868,Hildegaard,Scardifield,hscardifieldo3@ocn.ne.jp,Female
869,Innis,Wittman,iwittmano4@unicef.org,Male
870,Edythe,Kingscote,ekingscoteo5@techcrunch.com,Female
871,Latisha,Janczewski,ljanczewskio6@dell.com,Female
872,Brodie,Giovannilli,bgiovannillio7@rambler.ru,Male
873,Prue,Totterdell,ptotterdello8@wikispaces.com,Female
874,Vanny,Klinck,vklincko9@telegraph.co.uk,Female
875,Colin,Stanlock,cstanlockoa@mozilla.org,Male
876,Paulie,Hounsom,phounsomob@unc.edu,Female
877,Saul,Durgan,sdurganoc@nifty.com,Male
878,Mersey,Klaussen,mklaussenod@nhs.uk,Female
879,Fallon,Wyon,fwyonoe@latimes.com,Female
880,Maitilde,Kirrens,mkirrensof@deviantart.com,Female
881,Mable,Euesden,meuesdenog@techcrunch.com,Female
882,Saw,Paxton,spaxtonoh@nbcnews.com,Male
883,Marleah,Springthorpe,mspringthorpeoi@github.io,Female
884,Mireielle,Einchcombe,meinchcombeoj@facebook.com,Female
885,Berni,Sola,bsolaok@purevolume.com,Female
886,Bentley,Bresnen,bbresnenol@netscape.com,Male
887,Dimitry,Bowshire,dbowshireom@theguardian.com,Male
888,Addie,Wilcott,awilcotton@bandcamp.com,Male
889,Lockwood,Maly,lmalyoo@constantcontact.com,Male
890,Shermie,Sayward,ssaywardop@huffingtonpost.com,Male
891,Billie,Ballinger,bballingeroq@stanford.edu,Male
892,Alfie,Whitehouse,awhitehouseor@deviantart.com,Female
893,Germayne,Searston,gsearstonos@yellowbook.com,Male
894,Lynnea,Leving,llevingot@mit.edu,Female
895,Valerie,Race,vraceou@de.vu,Female
896,Teodorico,Spier,tspierov@phpbb.com,Male
897,Wood,Boner,wbonerow@theguardian.com,Male
898,Kate,Flowith,kflowithox@acquirethisname.com,Female
899,Gustavus,Boate,gboateoy@unesco.org,Male
900,Missy,Godfree,mgodfreeoz@naver.com,Female
901,Aurelie,Grolle,agrollep0@usda.gov,Female
902,Charita,Lownsbrough,clownsbroughp1@skype.com,Female
903,Meredith,Maps,mmapsp2@google.co.uk,Male
904,Wanda,Cars,wcarsp3@mapquest.com,Female
905,Brett,Ammer,bammerp4@umich.edu,Female
906,Wiatt,Lovegrove,wlovegrovep5@feedburner.com,Male
907,Andi,Crothers,acrothersp6@toplist.cz,Female
908,Ryley,Radclyffe,rradclyffep7@youku.com,Male
909,Dieter,Boddy,dboddyp8@twitter.com,Male
910,Jasmin,Widdall,jwiddallp9@psu.edu,Female
911,Zsazsa,Redholes,zredholespa@diigo.com,Female
912,Charlena,Revill,crevillpb@ted.com,Female
913,Siusan,Beevis,sbeevispc@gizmodo.com,Female
914,Victoir,Georgel,vgeorgelpd@devhub.com,Male
915,Aurlie,Cubbino,acubbinope@list-manage.com,Female
916,Lisha,Hanning,lhanningpf@blogger.com,Female
917,Batholomew,Frenzl,bfrenzlpg@unicef.org,Male
918,Kinnie,Villiers,kvilliersph@zimbio.com,Male
919,Gaspard,Gasperi,ggasperipi@deviantart.com,Male
920,Igor,Jeffcock,ijeffcockpj@quantcast.com,Male
921,Sherman,Dunstan,sdunstanpk@so-net.ne.jp,Male
922,Abby,McKeever,amckeeverpl@ox.ac.uk,Female
923,Debi,Vlach,dvlachpm@ed.gov,Female
924,Karoly,Fieldstone,kfieldstonepn@prweb.com,Female
925,Remus,Fowells,rfowellspo@squarespace.com,Male
926,Feodora,Yurikov,fyurikovpp@ibm.com,Female
927,Dannye,Danahar,ddanaharpq@princeton.edu,Female
928,Myrna,Petschel,mpetschelpr@youku.com,Female
929,Zondra,Loghan,zloghanps@flavors.me,Female
930,Zackariah,Haggleton,zhaggletonpt@usa.gov,Male
931,Karl,Heijne,kheijnepu@wikispaces.com,Male
932,Godwin,Hurling,ghurlingpv@pinterest.com,Male
933,Jessalin,Biernat,jbiernatpw@github.com,Female
934,Dolph,Lamport,dlamportpx@flickr.com,Male
935,Abner,Spalton,aspaltonpy@sitemeter.com,Male
936,Beitris,Buckland,bbucklandpz@guardian.co.uk,Female
937,Brittan,Real,brealq0@themeforest.net,Female
938,Fredra,Dibdin,fdibdinq1@ed.gov,Female
939,Tymon,Wurst,twurstq2@yellowpages.com,Male
940,Lon,Barz,lbarzq3@ftc.gov,Male
941,Bliss,Hopfner,bhopfnerq4@odnoklassniki.ru,Female
942,Berget,Baudesson,bbaudessonq5@springer.com,Female
943,Donalt,Wisson,dwissonq6@cam.ac.uk,Male
944,Thorvald,Dicker,tdickerq7@tuttocitta.it,Male
945,Mallissa,Keneford,mkenefordq8@smugmug.com,Female
946,Carlos,Moakes,cmoakesq9@sohu.com,Male
947,Aurilia,Jowle,ajowleqa@msu.edu,Female
948,Franchot,Kither,fkitherqb@de.vu,Male
949,Jeddy,Iglesia,jiglesiaqc@wp.com,Male
950,Tobiah,Tidbald,ttidbaldqd@dell.com,Male
951,Teressa,Warlawe,twarlaweqe@tamu.edu,Female
952,Kyla,Twydell,ktwydellqf@indiegogo.com,Female
953,Jerad,Knowlman,jknowlmanqg@mayoclinic.com,Male
954,Caldwell,Abbado,cabbadoqh@pen.io,Male
955,Gizela,Curphey,gcurpheyqi@angelfire.com,Female
956,Lidia,Hickin,lhickinqj@liveinternet.ru,Female
957,Anette,Paddell,apaddellqk@studiopress.com,Female
958,Jyoti,Labusquiere,jlabusquiereql@about.com,Female
959,Rhianon,Mulcaster,rmulcasterqm@utexas.edu,Female
960,Shara,Spivie,sspivieqn@utexas.edu,Female
961,Jillian,Asher,jasherqo@php.net,Female
962,Romonda,Moreinis,rmoreinisqp@cocolog-nifty.com,Female
963,Jo-ann,Gerty,jgertyqq@state.gov,Female
964,Kellen,Petticrow,kpetticrowqr@smugmug.com,Male
965,Charlean,Calltone,ccalltoneqs@example.com,Female
966,Zaria,O'Cassidy,zocassidyqt@reverbnation.com,Female
967,Correy,Manclark,cmanclarkqu@psu.edu,Male
968,Lincoln,Hawkett,lhawkettqv@nifty.com,Male
969,Kim,Matschoss,kmatschossqw@businessinsider.com,Male
970,Barbe,Casey,bcaseyqx@lulu.com,Female
971,Lil,Reinmar,lreinmarqy@sourceforge.net,Female
972,Culver,Deniso,cdenisoqz@sbwire.com,Male
973,Korie,Balm,kbalmr0@msn.com,Female
974,Nikaniki,Bagnold,nbagnoldr1@skyrock.com,Female
975,Shanie,Drissell,sdrissellr2@unblog.fr,Female
976,Demetris,Cafferky,dcafferkyr3@spotify.com,Male
977,Paton,Corish,pcorishr4@usgs.gov,Male
978,Melisandra,Gaydon,mgaydonr5@netlog.com,Female
979,Luz,Gebby,lgebbyr6@twitpic.com,Female
980,Caritta,Le Floch,cleflochr7@live.com,Female
981,Karlyn,Ruste,kruster8@apache.org,Female
982,Shannan,Beardsell,sbeardsellr9@whitehouse.gov,Male
983,Karmen,Gordon-Giles,kgordongilesra@goo.ne.jp,Female
984,Godfrey,Culpan,gculpanrb@forbes.com,Male
985,Jodi,Wederell,jwederellrc@arstechnica.com,Male
986,Kerr,Spottiswoode,kspottiswooderd@adobe.com,Male
987,Paolo,Bedlington,pbedlingtonre@vkontakte.ru,Male
988,Ruth,Stancliffe,rstanclifferf@utexas.edu,Female
989,Agata,Allcoat,aallcoatrg@mlb.com,Female
990,Charmine,Hazeley,chazeleyrh@dmoz.org,Female
991,Tore,Sawyer,tsawyerri@engadget.com,Male
992,Amabel,FitzAlan,afitzalanrj@mashable.com,Female
993,Bernarr,Prosser,bprosserrk@mozilla.com,Male
994,Wrennie,Crimes,wcrimesrl@imdb.com,Female
995,Harriot,Jeandin,hjeandinrm@webeden.co.uk,Female
996,Mommy,Deakes,mdeakesrn@who.int,Female
997,Peggi,Hooban,phoobanro@artisteer.com,Female
998,Akim,Lars,alarsrp@smh.com.au,Male
999,Jocelyn,Saurat,jsauratrq@loc.gov,Female
1000,Gill,Follett,gfollettrr@mapquest.com,Male
